username,password,firstName,lastName,pass1,address1,address2,depart,arrive
ozzy,123,Ozzy,Osbourne,Ozzy Osbourne,Grey str,Manchester,Denver,Zurich
zakk,111,Zakk,Wylde,Zakk Wylde,Washington str,New Jersey,Frankfurt,Sydney
phil,321,Phil,Anselmo,Phil Anselmo,White str,New Orleans,London,Seattle
lars,333,Lars,Ulrich,Lars Ulrich,Libery str,San Francisco,Los Angeles,San Francisco
james,444,James,Hetfield,James Hetfield,Heavy str,Los Angeles,Paris,Portland
dave,112,Dave,Lombardo,Dave Lombardo,Bass str,Miami,Portland,Denver
avril,332,Avril,Lavigne,Avril Lavigne,Sheppard str,Toronto,San Francisco,Frankfurt
vinnie,235,Vinnie,Paul,Vinnie Paul,Bull str,Texas,Seattle,London
jeremy,341,Jeremy,Clarkson,Jeremy Clarkson,Mel ave,London,Sydney,Los Angeles
george,455,George,Michael,George Michael,Gross ave,New York,Zurich,Paris
